area,relative_path,role,extension,bytes,sha256
campus-network-event,bit-campus-network-login-2026.png,appearance-reference,png,4280507,79afff8e70302bf4273e06484bd176dcdf38878fb60c83742be6174732541e6e
gymnasium-defense-square,liangxiang/core-areas/gymnasium-defense-square/06-gymnasium.jpg,appearance-reference,jpg,59544,a8318e544ffe26abc129f314d011d61abe7e8439eb84221c4c760bc548d2cf63
gymnasium-defense-square,liangxiang/core-areas/gymnasium-defense-square/2025-02-12-gymnasium.jpg,appearance-reference,jpg,3145570,54e243a3102770310cff96d6a7bbc99d7de1fff355f71eea735af5d358aa0e26
gymnasium-defense-square,liangxiang/core-areas/gymnasium-defense-square/2025-2026-defense-square-gym-night-student-view.webp,appearance-reference,webp,141094,7e1a0fdbf44a1f0aa698449ca19944a66741e30823da97e097175aba6d0f3a81
gymnasium-defense-square,liangxiang/core-areas/gymnasium-defense-square/2025-campus-update-12-gym-defense-square-aerial.jpeg,appearance-reference,jpeg,129316,99d01e00688b693b962770999c4162499a7e309643b5c4654b42ac1779b02a30
museum-center,liangxiang/core-areas/museum-center/2022-museum-center-05.jpg,appearance-reference,jpg,125831,8a34acfe8c4fa489e323a70e5a5d4cf5244409c65e33fa7dc94b22ce482a2333
north-lake-greenery,liangxiang/core-areas/north-lake-greenery/10-north-lake-wide-view.jpg,appearance-reference,jpg,123512,634dfd901d2643e572e2204e94bc10cb47461176ea186cc87511c034a9d87074
north-lake-greenery,liangxiang/core-areas/north-lake-greenery/11-north-lake-white-bridge.jpg,appearance-reference,jpg,122725,5b0c0baff933bf6adbdb032d2a4432943271d563879493026917df986e6c3830
north-lake-greenery,liangxiang/core-areas/north-lake-greenery/12-north-lake-red-bridge.jpg,appearance-reference,jpg,112411,2dc66d4129d75f4cd4050acf70fd57e247367327b438bc9dc9795ad13816592f
north-lake-greenery,liangxiang/core-areas/north-lake-greenery/13-north-lake-pavilion-lotus.jpg,appearance-reference,jpg,141829,ee31d50919f9cf3136535e9444501bbbb858914dc436caa5b715df83062e6516
north-lake-greenery,liangxiang/core-areas/north-lake-greenery/14-north-lake-bridge-pavilion.jpg,appearance-reference,jpg,118947,0750de439c8557657385e970c2bea06c87d5865c744c452a58505cb5c3c4a44b
north-lake-greenery,liangxiang/core-areas/north-lake-greenery/15-graduates-tree-lined-road.jpg,appearance-reference,jpg,182723,7e35d2ccdabf1374a1885c990aef4843af40d588901f7ccd06ad504e3729d37a
north-lake-greenery,liangxiang/core-areas/north-lake-greenery/16-north-lake-open-water-skyline.jpg,appearance-reference,jpg,94165,e1892ed3ab379023cc788b71f2b80d42cb961a826eb173fefb2bb93bc0f65abe
north-lake-greenery,liangxiang/core-areas/north-lake-greenery/17-north-lake-pink-lotus-close.jpg,appearance-reference,jpg,62520,4523f9615851dac3a70b8cd3a2da1c0f9c033fad2016e4936a7f43715b7dbf61
north-lake-greenery,liangxiang/core-areas/north-lake-greenery/18-north-lake-white-lotus-close.jpg,appearance-reference,jpg,49005,c04138f760f692da5c3dfc5f1072cbccadf004f10094294900f3cfa822cbeb29
north-lake-greenery,liangxiang/core-areas/north-lake-greenery/2024-02-27-north-lake-snow-ducks.jpg,appearance-reference,jpg,176564,2528d1f24f6cc2533e66f0de866a9b9f632072a1f12c8a83addd10a9406a125f
north-lake-greenery,liangxiang/core-areas/north-lake-greenery/2024-02-27-north-lake-snow-red-bridge.jpg,appearance-reference,jpg,219118,5d68fb1978fe8121342f209a69c8d999a47a4efa36ea7867c05d0914b30e5dfd
north-lake-greenery,liangxiang/core-areas/north-lake-greenery/2024-02-27-north-lake-snow-white-bridge.jpg,appearance-reference,jpg,220070,da23e0ca4bca6ace37e818262a12f2d442ca11d86359c05863ebae4c7d48bcf3
north-lake-greenery,liangxiang/core-areas/north-lake-greenery/2024-06-28-north-lake.jpg,appearance-reference,jpg,2303688,b253e3c518c986310f02aee1afd158576a17441082ca8dadfd14c5283cc5e639
north-lake-greenery,liangxiang/core-areas/north-lake-greenery/2024-09-17-moon-over-north-lake-water-pavilion.png,appearance-reference,png,2337342,6ad212cfb8888a6906b1fe7ad9fc3e031d1e5db107aa9bb81a7a1478d8c42c50
north-lake-greenery,liangxiang/core-areas/north-lake-greenery/2024-12-14-north-lake-autumn-white-bridge.png,appearance-reference,png,465843,db2c07c2d2085b0dc2e36e7fb8b9223d30be5c558a7e11fa6c277d764a746b2a
north-lake-greenery,liangxiang/core-areas/north-lake-greenery/2025-05-09-north-lake-animal-fence.png,appearance-reference,png,1828796,4da1d14b5a44edf4b0a5bbd5a326d64af73b51765e1ac28d01ff786f4ae690a5
north-lake-greenery,liangxiang/core-areas/north-lake-greenery/2025-05-09-north-lake-pavilion-white-bridge.png,appearance-reference,png,1437016,408067008eba0d9611342f7d6c82e9edc469f9458878ecaffa743c445436ff5f
north-lake-greenery,liangxiang/core-areas/north-lake-greenery/2025-05-09-north-lake-red-bridge-koi.png,appearance-reference,png,1416143,637b3732c7614c12059daf8bc7c4ef147a90223e0afe190e0f0c4e49cb1c7a09
north-lake-greenery,liangxiang/core-areas/north-lake-greenery/2025-12-12-jingyuan-geese-ducks-ice.jpg,appearance-reference,jpg,235261,9295d3017ae892bea2c5b104eff5bd519a634a6271045919452a42736573c754
north-lake-greenery,liangxiang/core-areas/north-lake-greenery/2025-campus-update-03-north-lake-aerial.jpeg,appearance-reference,jpeg,93109,e1faafc6957fcef251bab9b85a39a69a77425b1dcb974ea5d71b3bb499fc876a
north-lake-greenery,liangxiang/core-areas/north-lake-greenery/2025-campus-update-09-north-lake-night.jpeg,appearance-reference,jpeg,55903,cfb93404787ed58a2234563e6d8d6af87b05c1cf698c02bf6d03cb60a20dbfcd
north-lake-greenery,liangxiang/core-areas/north-lake-greenery/2026-05-25-rainy-north-lake-student-view.jpg,appearance-reference,jpg,262026,38341b662d7ac621dfca7389f67b495215cf38ccbff2ceb080c0d87c73e67de9
north-lake-greenery,liangxiang/core-areas/north-lake-greenery/2026-06-14-01-red-bridge-walk.jpg,appearance-reference,jpg,236086,249a1869231dad26612353e649be5ea812113d4630e0a4ebbc990103ab6b97f5
north-lake-greenery,liangxiang/core-areas/north-lake-greenery/2026-06-14-02-cultural-walkway.jpg,appearance-reference,jpg,236324,d4e1eb1d3e83fccb18a03c696dbe7388c39c48dc07d7fcb5a8a2db720ef1e8ee
north-lake-greenery,liangxiang/core-areas/north-lake-greenery/2026-06-14-03-siyuan-pavilion-ceremony-area.jpg,appearance-reference,jpg,225169,be3cec1eba60461a01ba759a00f4951c3d4f702e9e7d5628a84ea1cb5533575e
north-lake-greenery,liangxiang/core-areas/north-lake-greenery/2026-06-14-04-siyuan-area-view-to-red-bridge.jpg,appearance-reference,jpg,199473,5efa2a95dec9d1cb5d68154c7d819b21fbed46939e5151211a3f1086de9dda93
north-lake-greenery,liangxiang/core-areas/north-lake-greenery/2026-north-lake-red-bridge-skyline-student-view.jpg,appearance-reference,jpg,157907,cd2e4b40b083472044086fba69f925ab107ca0828d2e55e22f415941f20b3623
north-lake-greenery,liangxiang/core-areas/north-lake-greenery/2026-north-lake-white-bridge-pavilion-student-view.jpg,appearance-reference,jpg,362448,759c685982bd48b10bd5e6afa086651b2093544dccf1591fb55fa69dbf485c46
shuttle-bus,liangxiang/core-areas/shuttle-bus/2020-liangxiang-shuttle-repost.jpeg,appearance-reference,jpeg,144077,1b65404c550e5bfcf6507a3a9b6ada48915c2acda0b4b04f87862a12504287a1
shuttle-bus,liangxiang/core-areas/shuttle-bus/2021-shuttle-station-wikimedia.jpg,appearance-reference,jpg,10260166,ed39801432898f97a29adeea8f031ca29c79ae122e330b5f1b2cd73ec6a99bce
shuttle-bus,liangxiang/core-areas/shuttle-bus/2023-07-03-metro-shuttle-BV1yM4y177yW.jpg,video-thumbnail,jpg,742894,2127d6615689ec0003eaa4703568f79d9516b7417a34a87e1b38dd7a9bcefe6d
shuttle-bus,liangxiang/core-areas/shuttle-bus/2023-07-07-night-metro-shuttle-BV1Ch4y177n9.jpg,video-thumbnail,jpg,670983,56414398fea1725425f601f0a1214e4558d10ba825c7f5312d0def065c280d3b
shuttle-bus,liangxiang/core-areas/shuttle-bus/2023-bit-shuttle-official-english-site.jpg,appearance-reference,jpg,308623,4553ba3accfd0f0c3f13ca5dd1dccf4ab2f7cb8b58abe267752e1142503e744a
shuttle-bus,liangxiang/core-areas/shuttle-bus/2024-06-28-rainbow-bus-BV1xJ4m1u7Jw.jpg,video-thumbnail,jpg,751958,07c7a3109372071f700a0d1231800737bd8e9214699000f2b19c07e5673baf58
shuttle-bus,liangxiang/core-areas/shuttle-bus/2024-10-19-bus-service-meme-BV1PFCRYyE9G.jpg,video-thumbnail,jpg,610066,268da5b2e21e585434df316d0c1a44b05163ecf8064d887659bb77e2abd80dde
shuttle-bus,liangxiang/core-areas/shuttle-bus/2025-05-27-early-commute-BV1XLjdzqEps.jpg,video-thumbnail,jpg,750475,74f5f4a48a860506a03de5a2d3e5d1e84c714ac4eba20d303f343f1e8b8385ac
shuttle-bus,liangxiang/core-areas/shuttle-bus/2025-06-20-night-shuttle-BV1xJNozeE74.jpg,video-thumbnail,jpg,489355,83e4b36900f50c81c300753fc1559e7df60080b0e0cc21a767f0967af9da5b72
shuttle-bus,liangxiang/core-areas/shuttle-bus/2025-06-21-metro-north-campus-shuttle-BV13FKPzhEjk.jpg,video-thumbnail,jpg,535741,f457c15a1d1b3f6aa9ede89ee584569f4a3634622a75e3735e0d569d8d157ffb
shuttle-bus,liangxiang/core-areas/shuttle-bus/2025-06-30-last-shuttle-BV1ZHgfzBEbc.jpg,video-thumbnail,jpg,431970,3104aa48513533c34542eba3f139a6acc05aa1938f280c03f58719cd26171762
sports-field,liangxiang/core-areas/sports-field/2025-03-30-south-field-football-BV1rdZBYwEaa.jpg,video-thumbnail,jpg,2685191,a564dc07b61aa80cfc64b988c52bd4cc6062ed7ba21f1a19c84f4fcd10f3839d
student-service-center,liangxiang/core-areas/student-service-center/2023-student-service-center-hall-01.jpg,identity-mark,jpg,49842,0d6bea35a35f66a4edf3495d0c7a4443b5d536a55f67c169338f1170b8ac23d4
derived-spatial-diagrams,liangxiang/derived/campus-structure-working-map.png,spatial-structure,png,241553,0cb1169bacf666e4b148e25c5f0eb6177e9578d45df4f5f84f34ca44336d62ec
derived-spatial-diagrams,liangxiang/derived/campus-structure-working-map.svg,spatial-structure,svg,7863,2332f699026aaa61e393899f44d424eef2fecb659abe1d1c92e8502cf7139183
derived-spatial-diagrams,liangxiang/derived/north-lake-working-topology.png,spatial-structure,png,209675,c420f9c611b529360d7a064b9a31200ed637095136d5382b782dfdb09bae02b4
derived-spatial-diagrams,liangxiang/derived/north-lake-working-topology.svg,spatial-structure,svg,5106,94456e3f9e8ecd262db1e8f63167c3087ae825afd4fa01b41f32c12822d69453
campus-maps,liangxiang/maps/2024-student-resource-liangxiang-map.jpg,spatial-structure,jpg,8469267,1b325363231e03dc7c57e90d0438e64ac10031280c2124030f4379f5b32579cc
campus-maps,liangxiang/maps/2024-student-resource-wencui-building-map.jpg,spatial-structure,jpg,201038,73d0f4584da6299a9ed275c4599f457527d956cb13a70cdf915c5ba13c4840b7
campus-maps,liangxiang/maps/2025-bit-guide-liangxiang-map.jpg,spatial-structure,jpg,479325,5ac366c31bddd949a2cbb7819d6febf6aca548feff7f87669c2f7fe7e90b48ab
campus-maps,liangxiang/maps/2025-bit-guide-wencui-building-map.jpg,spatial-structure,jpg,294492,04f47f022d7a340db1c0d4002301fc6f0d3e7b53bba7f958b2b70b49d1d01a29
campus-maps,liangxiang/maps/culture-sports-defense-current-crop.png,spatial-structure,png,315867,1a0bad1065e59d0cdc89614f8be8a33066effafa5528c15db5cfb2f4dd5c7ec5
campus-maps,liangxiang/maps/liangxiang-campus-map-current.pdf,source-map,pdf,4068292,82fa60a27973c88cd69607f46075acc6abaf2e81a1f8f688f35990efb3bc2ada
campus-maps,liangxiang/maps/liangxiang-campus-map-current.png,spatial-structure,png,1030430,ff29cff731800201a6245552439e9ee3f5aabfcd80352c55a6757d6db560145e
campus-maps,liangxiang/maps/north-lake-current-crop.png,spatial-structure,png,407594,e0042e612a0a0bf86d3605533db71a2cded6e2d81e950371cf61917227b5853e
preview-contact-sheets,liangxiang/previews/buildings-services-field.jpg,preview-only,jpg,146165,6611ac0223e012522ec0ab8dddeb80d4502d0f9f546ee21b5ec16cb17b121e46
preview-contact-sheets,liangxiang/previews/maps.jpg,preview-only,jpg,122079,9cdc4e27f8e90dee7ad765d813d2e5bd25fe1e529b1bfb38d440377e13a120f9
preview-contact-sheets,liangxiang/previews/north-lake-greenery.jpg,preview-only,jpg,675834,4b153e370af805ebe2e1f05bec910ff407561e44ca1fb58101c0c44843774729
preview-contact-sheets,liangxiang/previews/shuttle-bus.jpg,preview-only,jpg,304598,3c605e5bd7769d809fb0a0f4dc7b56ad1beec1c64459c6f304e770bc5f65774e
